word,MR..GLADSTONE,MR..DISRAELI
trade,2.018376843366908,2.020257651391089
press,5.037954735449871,5.577242365160127
industry,0.6531508384185176,0.5334018636985745
